key,value
meta_date_time,2024-09-26 11:44:23
meta_user,ekho.fo
meta_server,minerva.comdinheiro.com.br
meta_feature,ExtratoCarteira021
meta_execution_time,6.517
meta_encode,utf8
meta_JSON_UNESCAPED_UNICODE,True
meta_JSON_PRETTY_PRINT,True
meta_JSON_UNESCAPED_SLASHES,True
meta_variables_get,"{'ep': '1', 'nome_portfolio': '1001', 'data_ini': '29072024', 'data_fim': '19092024', 'data_ini2': 'mes_atual', 'data_ini3': 'ano_atual', 'layout': '2', 'classe': 'TIPO', 'classe2': 'IF', 'cot_tir': 'cot', 'cot_tir_ativo': 'tir', 'benchmarks': 'CDI IBOV', 'on_off': 'on', 'colunas_adicionais': '', 'alias_colunas_adicionais': '', 'ret_classe': '0', 'mes': 'CDI percent_CDI|0|V|', 'aloc': 'pesod|b|anel|l|4|icl|0|0|2', 'ordem_grandeza_grafico_rendimento': '1000', 'aloc_per_tipo': 'barra', 'aloc_per_exibir': 'vsb', 'aloc_per_ordem_grandeza': '1000', 'aloc_per_periodo': 'mes', 'aloc_per_valores': '12', 'ret': 'mes_atual ano_atual 12m 24m periodo', 'movext': '1|1||1', 'liq': '0 2 6 31|corridos|ambos|0|1|pos_liq per_pos_liq|tabela|0', 'liq_exibe': '1', 'infoAdd_primeiro_mes': '0', 'infoAdd_bench_IS': 'CDI', 'infoAdd_bench': 'CDI', 'ret2': 'cor ativo mes_atual ano_atual 03m 06m 12m 24m 36m periodo data_aplicacao', 'filtro_tipo_ativo': 'todos', 'filtro_CV': 'todos', 'linha_cart': '0', 'ret_nulos': '1', 'ret_bench_ativo': '', 'ord_ativo': 'alfc', 'ord_classe': 'alfc', 'mov_ext': '1', 'exibicao': 'default', 'num_casas': '2', 'valores': '1', 'graf_linha': '1|1||', 'ret3': 'ativo mes_atual ano_atual 12m 24m', 'aloc_ordem2': 'pesod', 'aloc_saldo2': 'SB', 'aloc_limit2': '', 'bench4': 'CDI', 'classe3': 'IF', 'aloc_ordem3': 'pesod', 'aloc_saldo3': 'SB', 'aloc_limit3': '', 'fall_ordem': '1', 'fall_ordem_grand': '1000', 'fall_cor': 'd3d3d3t', 'exibir_commit': '1', 'cart_explodida': '', 'estilo_pdf': 'azul0001', 'num_pdf': '2', 'flag_export': 'json3', 'ip_cliente': '177.92.116.106'}"
tab0_lin0_col0,
tab0_lin0_col1,Mês
tab0_lin0_col2,Ano
tab0_lin0_col3,12meses
tab0_lin0_col4,24meses
tab0_lin0_col5,Noperíodo
tab0_lin1_col0,Rend. Nominal (R$)
tab0_lin1_col1,"686002,1932000000"
tab0_lin1_col2,"6289022,0027822200"
tab0_lin1_col3,"8405904,3416081773"
tab0_lin1_col4,"11164591,3512081773"
tab0_lin1_col5,"2483124,2749300006"
tab0_lin2_col0,Var. Nominal (%)
tab0_lin2_col1,"0,74276353269"
tab0_lin2_col2,"7,44036948483"
tab0_lin2_col3,"12,9525280786"
tab0_lin2_col4,"21,3900692966"
tab0_lin2_col5,"2,9615142515"
tab0_lin3_col0,CDI (%)
tab0_lin3_col1,"0,552088142952"
tab0_lin3_col2,"7,68329873863"
tab0_lin3_col3,"11,1024944715"
tab0_lin3_col4,"26,1288022758"
tab0_lin3_col5,"1,50315245827"
tab0_lin4_col0,IBOV (%)
tab0_lin4_col1,"-2,11905532158"
tab0_lin4_col2,"-0,792189886488"
tab0_lin4_col3,"12,1546821694"
tab0_lin4_col4,"18,3138398096"
tab0_lin4_col5,"4,8592786313"
tab1_lin0_col0,Tempo de Resgate (DC)
tab1_lin0_col1,Valor Líquido
tab1_lin0_col2,%
tab1_lin1_col0,D0 a D1 (R$)
tab1_lin1_col1,"24684913,3544"
tab1_lin1_col2,"26,1596194897"
tab1_lin2_col0,D2 a D5 (R$)
tab1_lin2_col1,"5204833,128"
tab1_lin2_col2,"5,5157760605"
tab1_lin3_col0,D6 a D30 (R$)
tab1_lin3_col1,"4350234,28958"
tab1_lin3_col2,"4,6101224692"
tab1_lin4_col0,D31 ou mais (R$)
tab1_lin4_col1,"40217765,1549"
tab1_lin4_col2,"42,6204223638"
tab1_lin5_col0,Não identificado (R$)
tab1_lin5_col1,"19904916,2064"
tab1_lin5_col2,"21,0940596168"
tab1_lin6_col0,Total (R$)
tab1_lin6_col1,"94362662,1333"
tab1_lin6_col2,100
tab2_lin0_col0,
tab2_lin0_col1,Ativo
tab2_lin0_col2,Jan
tab2_lin0_col3,Fev
tab2_lin0_col4,Mar
tab2_lin0_col5,Abr
tab2_lin0_col6,Mai
tab2_lin0_col7,Jun
tab2_lin0_col8,Jul
tab2_lin0_col9,Ago
tab2_lin0_col10,Set
tab2_lin0_col11,Out
tab2_lin0_col12,Nov
tab2_lin0_col13,Dez
tab2_lin0_col14,Ano
tab2_lin1_col0,2024
tab2_lin1_col1,Carteira
tab2_lin1_col2,
tab2_lin1_col3,
tab2_lin1_col4,
tab2_lin1_col5,
tab2_lin1_col6,
tab2_lin1_col7,
tab2_lin1_col8,"0,00163512416"
tab2_lin1_col9,"0,02035551358"
tab2_lin1_col10,"0,00742763532431"
tab2_lin1_col11,
tab2_lin1_col12,
tab2_lin1_col13,
tab2_lin1_col14,"0,0296151425138"
tab2_lin2_col0,2024
tab2_lin2_col1,CDI
tab2_lin2_col2,
tab2_lin2_col3,
tab2_lin2_col4,
tab2_lin2_col5,
tab2_lin2_col6,
tab2_lin2_col7,
tab2_lin2_col8,"0,00078555421"
tab2_lin2_col9,"0,00867511671"
tab2_lin2_col10,"0,00552088143233"
tab2_lin2_col11,
tab2_lin2_col12,
tab2_lin2_col13,
tab2_lin2_col14,"0,0150406359951"
tab2_lin3_col0,2024
tab2_lin3_col1,%CDI
tab2_lin3_col2,
tab2_lin3_col3,
tab2_lin3_col4,
tab2_lin3_col5,
tab2_lin3_col6,
tab2_lin3_col7,
tab2_lin3_col8,"2,0814911806"
tab2_lin3_col9,"2,34642532896"
tab2_lin3_col10,"1,3453712809"
tab2_lin3_col11,
tab2_lin3_col12,
tab2_lin3_col13,
tab2_lin3_col14,"1,96900865918"
tab3_lin0_col0,Mês/Ano
tab3_lin0_col1,Saldo Inicial
tab3_lin0_col2,Aplicações
tab3_lin0_col3,Resgates
tab3_lin0_col4,Impostos Pagos
tab3_lin0_col5,Saldo Movimentações
tab3_lin0_col6,Rendimento Nominal
tab3_lin0_col7,Saldo Final
tab3_lin1_col0,(i) 29/07/2024
tab3_lin1_col1,"90974927,5585"
tab3_lin1_col2,700000
tab3_lin1_col3,0
tab3_lin1_col4,0
tab3_lin1_col5,700000
tab3_lin1_col6,"1507,6906945"
tab3_lin1_col7,"91676435,2492"
tab3_lin2_col0,Jul/2024
tab3_lin2_col1,"91676435,2492"
tab3_lin2_col2,"5946024,69"
tab3_lin2_col3,0
tab3_lin2_col4,"3452,29942041"
tab3_lin2_col5,"5946024,69"
tab3_lin2_col6,"147557,528389"
tab3_lin2_col7,"97766565,1682"
tab3_lin3_col0,Ago/2024
tab3_lin3_col1,"97766565,1682"
tab3_lin3_col2,"70174229,7"
tab3_lin3_col3,"74989874,1826"
tab3_lin3_col4,"406546,013466"
tab3_lin3_col5,"-4815644,48262"
tab3_lin3_col6,"1649564,5533"
tab3_lin3_col7,"94193939,2254"
tab3_lin4_col0,Set/2024
tab3_lin4_col1,"94193939,2254"
tab3_lin4_col2,"52651,51"
tab3_lin4_col3,"10125,6500411"
tab3_lin4_col4,"20,2099589136"
tab3_lin4_col5,"42525,8599589"
tab3_lin4_col6,"686002,193136"
tab3_lin4_col7,"94922447,0685"
tab3_lin5_col0,2024
tab3_lin5_col1,"91676435,2492"
tab3_lin5_col2,"76172905,9"
tab3_lin5_col3,"74999999,8327"
tab3_lin5_col4,"410018,522845"
tab3_lin5_col5,"1172906,06734"
tab3_lin5_col6,"2483124,27482"
tab3_lin5_col7,"94922447,0685"
tab4_lin0_col0,Informações Adicionais. Período da Análise: 29/07/2024 a 19/09/2024
tab5_lin0_col0,
tab5_lin0_col1,Carteira
tab5_lin0_col2,CDI
tab5_lin1_col0,Retorno no período
tab5_lin1_col1,"2,9615142515"
tab5_lin1_col2,"1,50315245827"
tab5_lin2_col0,Retorno nos últimos 6 meses
tab5_lin2_col1,"4,54635873936"
tab5_lin2_col2,"5,18609530962"
tab5_lin3_col0,Retorno nos últimos 12 meses
tab5_lin3_col1,"12,9525280786"
tab5_lin3_col2,"11,1024944715"
tab5_lin4_col0,Volatilidade no período
tab5_lin4_col1,"3,94299950053"
tab5_lin4_col2,"1,51390586687E-9"
tab5_lin5_col0,Índice de Sharpe no período (CDI)
tab5_lin5_col1,"2,74537845899"
tab5_lin5_col2,0
tab6_lin0_col0,
tab6_lin0_col1,
tab6_lin1_col0,Maior rentabilidade mensal
tab6_lin1_col1,2.035551358 (Ago/2024)
tab6_lin2_col0,Menor rentabilidade mensal
tab6_lin2_col1,0.742763532431 (Set/2024)
tab6_lin3_col0,Número de meses com retorno positivo
tab6_lin3_col1,2
tab6_lin4_col0,Número de meses com retorno negativo
tab6_lin4_col1,nd
tab6_lin5_col0,PL em 19/09/2024
tab6_lin5_col1,"94922447,0685"
tab6_lin6_col0,PL médio no período
tab6_lin6_col1,"91361567,7091"
tab7_lin0_col0,
tab7_lin0_col1,Ativo
tab7_lin0_col2,Saldo Bruto 30/08/24
tab7_lin0_col3,Movimentação
tab7_lin0_col4,Rendimento Bruto
tab7_lin0_col5,Saldo Bruto 19/09/24
tab7_lin0_col6,%
tab7_lin1_col0,    
tab7_lin1_col1,Fundos
tab7_lin1_col2,"58559864,2946"
tab7_lin1_col3,"46324,71"
tab7_lin1_col4,"689367,177089"
tab7_lin1_col5,"59295556,18"
tab7_lin1_col6,"62,4673699533"
tab7_lin2_col0,    
tab7_lin2_col1,Renda Fixa
tab7_lin2_col2,"19403642,9031"
tab7_lin2_col3,0
tab7_lin2_col4,"104729,177791"
tab7_lin2_col5,"19508372,0809"
tab7_lin2_col6,"20,5519059854"
tab7_lin3_col0,    
tab7_lin3_col1,Genérico
tab7_lin3_col2,"5344258,28971"
tab7_lin3_col3,0
tab7_lin3_col4,"25761,28621"
tab7_lin3_col5,"5370019,57592"
tab7_lin3_col6,"5,6572704788"
tab7_lin4_col0,    
tab7_lin4_col1,Previdência
tab7_lin4_col2,"4422318,93422"
tab7_lin4_col3,0
tab7_lin4_col4,"18465,8258958"
tab7_lin4_col5,"4440784,76012"
tab7_lin4_col6,"4,6783294122"
tab7_lin5_col0,    
tab7_lin5_col1,Ações/ETFs
tab7_lin5_col2,"4299821,4"
tab7_lin5_col3,0
tab7_lin5_col4,"-140486,64"
tab7_lin5_col5,"4155515,7"
tab7_lin5_col6,"4,3778008555"
tab7_lin6_col0,    
tab7_lin6_col1,Debêntures
tab7_lin6_col2,"1130827,67357"
tab7_lin6_col3,0
tab7_lin6_col4,"-14868,11568"
tab7_lin6_col5,"1115959,55789"
tab7_lin6_col6,"1,1756540126"
tab7_lin7_col0,    
tab7_lin7_col1,CRI/CRA
tab7_lin7_col2,"1033205,72989"
tab7_lin7_col3,0
tab7_lin7_col4,"3033,48383"
tab7_lin7_col5,"1036239,21372"
tab7_lin7_col6,"1,0916693002"
tab8_lin0_col0,
tab8_lin0_col1,Ativo
tab8_lin0_col2,Saldo Bruto 30/08/24
tab8_lin0_col3,Movimentação
tab8_lin0_col4,Rendimento Bruto
tab8_lin0_col5,Saldo Bruto 19/09/24
tab8_lin0_col6,%
tab8_lin1_col0,    
tab8_lin1_col1,BTG PACTUAL INVESTIMENTOS
tab8_lin1_col2,"40284012,3713"
tab8_lin1_col3,"46655,6"
tab8_lin1_col4,"502151,338769"
tab8_lin1_col5,"40832819,3103"
tab8_lin1_col6,"43,0170318724"
tab8_lin2_col0,    
tab8_lin2_col1,BTG PSF
tab8_lin2_col2,"28045130,9202"
tab8_lin2_col3,0
tab8_lin2_col4,"155850,246734"
tab8_lin2_col5,"28200981,167"
tab8_lin2_col6,"29,7094965812"
tab8_lin3_col0,    
tab8_lin3_col1,BANCO DO BRASIL
tab8_lin3_col2,"12072915,862"
tab8_lin3_col3,0
tab8_lin3_col4,"64876,4206"
tab8_lin3_col5,"12137792,2826"
tab8_lin3_col6,"12,7870621306"
tab8_lin4_col0,    
tab8_lin4_col1,BANCO ITAU
tab8_lin4_col2,"11645921,4446"
tab8_lin4_col3,0
tab8_lin4_col4,"-24145,2346595"
tab8_lin4_col5,"11617957,1499"
tab8_lin4_col6,"12,2394201878"
tab8_lin5_col0,    
tab8_lin5_col1,XP INVESTIMENTOS
tab8_lin5_col2,"2145958,62704"
tab8_lin5_col3,"-330,89"
tab8_lin5_col4,"-12730,5763082"
tab8_lin5_col5,"2132897,15871"
tab8_lin5_col6,"2,246989226"
tab9_lin0_col0, 
tab9_lin0_col1,Ativo
tab9_lin0_col2,Saldo Bruto 30/08/24
tab9_lin0_col3,Movimentação
tab9_lin0_col4,Rendimento Bruto
tab9_lin0_col5,Saldo Bruto 19/09/24
tab9_lin0_col6,%
tab9_lin0_col7,Provisão de IR+IOF
tab9_lin0_col8,Saldo Líquido 19/09/24
tab9_lin0_col9,Liquidez
tab9_lin1_col0,    
tab9_lin1_col1,Ações/ETFs
tab9_lin1_col2,"4299821,4"
tab9_lin1_col3,0
tab9_lin1_col4,"-140486,64"
tab9_lin1_col5,"4155515,7"
tab9_lin1_col6,"4,3778008555"
tab9_lin1_col7,"5412,732"
tab9_lin1_col8,"4150102,968"
tab9_lin1_col9,
tab9_lin2_col0,    
tab9_lin2_col1,HFOF11
tab9_lin2_col2,"420702,8"
tab9_lin2_col3,0
tab9_lin2_col4,"-3455,3400000000"
tab9_lin2_col5,"413428,4"
tab9_lin2_col6,"0,4355433438"
tab9_lin2_col7,0
tab9_lin2_col8,"413428,4"
tab9_lin2_col9,D+2
tab9_lin3_col0,    
tab9_lin3_col1,IVVB11
tab9_lin3_col2,"2896995,4"
tab9_lin3_col3,0
tab9_lin3_col4,"-72088,1200000000"
tab9_lin3_col5,"2824907,28"
tab9_lin3_col6,"2,9760160712"
tab9_lin3_col7,"5412,732"
tab9_lin3_col8,"2819494,548"
tab9_lin3_col9,D+2
tab9_lin4_col0,    
tab9_lin4_col1,MGLU3
tab9_lin4_col2,316160
tab9_lin4_col3,0
tab9_lin4_col4,"-26000,0000000000"
tab9_lin4_col5,290160
tab9_lin4_col6,"0,3056811207"
tab9_lin4_col7,0
tab9_lin4_col8,290160
tab9_lin4_col9,D+2
tab9_lin5_col0,    
tab9_lin5_col1,PICE11
tab9_lin5_col2,"250343,6"
tab9_lin5_col3,0
tab9_lin5_col4,"-17331,4800000000"
tab9_lin5_col5,"233012,12"
tab9_lin5_col6,"0,2454763095"
tab9_lin5_col7,0
tab9_lin5_col8,"233012,12"
tab9_lin5_col9,D+2
tab9_lin6_col0,    
tab9_lin6_col1,VIGT11
tab9_lin6_col2,"415619,6"
tab9_lin6_col3,0
tab9_lin6_col4,"-21611,7000000000"
tab9_lin6_col5,"394007,9"
tab9_lin6_col6,"0,4150840103"
tab9_lin6_col7,0
tab9_lin6_col8,"394007,9"
tab9_lin6_col9,D+2
tab9_lin7_col0,    
tab9_lin7_col1,CRI/CRA
tab9_lin7_col2,"1033205,72989"
tab9_lin7_col3,0
tab9_lin7_col4,"3033,48383"
tab9_lin7_col5,"1036239,21372"
tab9_lin7_col6,"1,0916693002"
tab9_lin7_col7,0
tab9_lin7_col8,"1036239,21372"
tab9_lin7_col9,
tab9_lin8_col0,    
tab9_lin8_col1,"CRI REDE DOR IPCA + 6,25% Venc: 15/12/2036"
tab9_lin8_col2,"1033205,72989"
tab9_lin8_col3,0
tab9_lin8_col4,"3033,4838300000"
tab9_lin8_col5,"1036239,21372"
tab9_lin8_col6,"1,0916693002"
tab9_lin8_col7,0
tab9_lin8_col8,"1036239,21372"
tab9_lin8_col9,D+1
tab9_lin9_col0,    
tab9_lin9_col1,Debêntures
tab9_lin9_col2,"1130827,67357"
tab9_lin9_col3,0
tab9_lin9_col4,"-14868,11568"
tab9_lin9_col5,"1115959,55789"
tab9_lin9_col6,"1,1756540126"
tab9_lin9_col7,0
tab9_lin9_col8,"1115959,55789"
tab9_lin9_col9,
tab9_lin10_col0,    
tab9_lin10_col1,"CCROB6 IPCA + 6,4370 - 15/01/2036"
tab9_lin10_col2,"1130827,67357"
tab9_lin10_col3,0
tab9_lin10_col4,"-14868,1156800000"
tab9_lin10_col5,"1115959,55789"
tab9_lin10_col6,"1,1756540126"
tab9_lin10_col7,0
tab9_lin10_col8,"1115959,55789"
tab9_lin10_col9,D+1
tab9_lin11_col0,    
tab9_lin11_col1,Fundos
tab9_lin11_col2,"58559864,2946"
tab9_lin11_col3,"46324,71"
tab9_lin11_col4,"689367,177089"
tab9_lin11_col5,"59295556,18"
tab9_lin11_col6,"62,4673699533"
tab9_lin11_col7,"456759,749944"
tab9_lin11_col8,"58838796,43"
tab9_lin11_col9,
tab9_lin12_col0,    
tab9_lin12_col1,Absolute Hidra Ipca FI Em Cotas de FI MM Créd Priv 
tab9_lin12_col2,"3596602,16426"
tab9_lin12_col3,0
tab9_lin12_col4,"21493,0000100000"
tab9_lin12_col5,"3618095,16427"
tab9_lin12_col6,"3,8116328392"
tab9_lin12_col7,"2714,27464"
tab9_lin12_col8,"3615380,88963"
tab9_lin12_col9,D+31
tab9_lin13_col0,    
tab9_lin13_col1,Absolute Pace Long Biased FICFIA 
tab9_lin13_col2,"3228739,88106"
tab9_lin13_col3,0
tab9_lin13_col4,"12560,8557000000"
tab9_lin13_col5,"3241300,73676"
tab9_lin13_col6,"3,4146830774"
tab9_lin13_col7,"29367,35351"
tab9_lin13_col8,"3211933,38325"
tab9_lin13_col9,D+32
tab9_lin14_col0,    
tab9_lin14_col1,Atmos Atmr Match Ekho Fo FI Em Cotas de FI Financeiro Em Açõ 
tab9_lin14_col2,"5406499,05548"
tab9_lin14_col3,0
tab9_lin14_col4,"25924,7102700000"
tab9_lin14_col5,"5432423,76575"
tab9_lin14_col6,"5,7230127683"
tab9_lin14_col7,"61072,31057"
tab9_lin14_col8,"5371351,45518"
tab9_lin14_col9,(vide regulamento)
tab9_lin15_col0,    
tab9_lin15_col1,BTG Pactual Digital Tesouro Selic Simples FI RF 
tab9_lin15_col2,"3500,15281982"
tab9_lin15_col3,"-3515,31"
tab9_lin15_col4,"15,1586880782"
tab9_lin15_col5,"0,00150789811928"
tab9_lin15_col6,"0,0000000015"
tab9_lin15_col7,"0,0274963427664"
tab9_lin15_col8,"-0,0259884446471"
tab9_lin15_col9,D+0
tab9_lin16_col0,    
tab9_lin16_col1,BTG Pactual Tesouro Ipca Curto FI RF Ref 
tab9_lin16_col2,"1893664,61417"
tab9_lin16_col3,0
tab9_lin16_col4,"5260,0035600000"
tab9_lin16_col5,"1898924,61773"
tab9_lin16_col6,"2,0005011210"
tab9_lin16_col7,0
tab9_lin16_col8,"1898924,61773"
tab9_lin16_col9,D+1
tab9_lin17_col0,    
tab9_lin17_col1,BTG Pactual Tesouro Selic FI RF Ref DI 
tab9_lin17_col2,"733238,807633"
tab9_lin17_col3,0
tab9_lin17_col4,"4030,4453050000"
tab9_lin17_col5,"737269,252938"
tab9_lin17_col6,"0,7767069599"
tab9_lin17_col7,"1564,423909"
tab9_lin17_col8,"735704,829029"
tab9_lin17_col9,D+0
tab9_lin18_col0,    
tab9_lin18_col1,Ekho ALPha Optimal Vol FI Em Cotas de FI Financeiro MM Créd  
tab9_lin18_col2,"7765861,99154"
tab9_lin18_col3,0
tab9_lin18_col4,"236526,7514800000"
tab9_lin18_col5,"8002388,74302"
tab9_lin18_col6,"8,4304492669"
tab9_lin18_col7,"39845,45595"
tab9_lin18_col8,"7962543,28707"
tab9_lin18_col9,D+61
tab9_lin19_col0,    
tab9_lin19_col1,Jive Distressed & Special Sits Iv Institutional FIC Fim Cp I 
tab9_lin19_col2,"1861333,54693"
tab9_lin19_col3,0
tab9_lin19_col4,"9206,4163800000"
tab9_lin19_col5,"1870539,96331"
tab9_lin19_col6,"1,9705981262"
tab9_lin19_col7,"8968,65707"
tab9_lin19_col8,"1861571,30624"
tab9_lin19_col9,(vide regulamento)
tab9_lin20_col0,    
tab9_lin20_col1,Jive Distressed & Special Sits Iv Institutional FIC Firf Ref 
tab9_lin20_col2,"394429,961744"
tab9_lin20_col3,0
tab9_lin20_col4,"2139,8828280000"
tab9_lin20_col5,"396569,844572"
tab9_lin20_col6,"0,4177829974"
tab9_lin20_col7,"851,889985"
tab9_lin20_col8,"395717,954587"
tab9_lin20_col9,D+0
tab9_lin21_col0,    
tab9_lin21_col1,Kapitalo Zeta Merídia FICFIs MM 
tab9_lin21_col2,"5919462,31992"
tab9_lin21_col3,0
tab9_lin21_col4,"139175,4498900000"
tab9_lin21_col5,"6058637,76981"
tab9_lin21_col6,"6,3827239572"
tab9_lin21_col7,"73331,10326"
tab9_lin21_col8,"5985306,66655"
tab9_lin21_col9,D+62
tab9_lin22_col0,    
tab9_lin22_col1,Lumina Feeder Brasil II FI Financeiro 
tab9_lin22_col2,0
tab9_lin22_col3,"50170,91"
tab9_lin22_col4,"-98,9960331000"
tab9_lin22_col5,"50071,9139669"
tab9_lin22_col6,"0,0527503404"
tab9_lin22_col7,0
tab9_lin22_col8,"50071,9139669"
tab9_lin22_col9,Data de encerramento do Fundo+5
tab9_lin23_col0,    
tab9_lin23_col1,Perfin Space X FI Em  Participações Em Infraestrutura _unica
tab9_lin23_col2,"258909,531648"
tab9_lin23_col3,0
tab9_lin23_col4,"-177,8615680000"
tab9_lin23_col5,"258731,67008"
tab9_lin23_col6,"0,2725716393"
tab9_lin23_col7,"33063,042264"
tab9_lin23_col8,"225668,627816"
tab9_lin23_col9,
tab9_lin24_col0,    
tab9_lin24_col1,Perfin Voyager FI Em Participações Em Infraestrutura _unica
tab9_lin24_col2,"1022526,71886"
tab9_lin24_col3,0
tab9_lin24_col4,"197,3590600000"
tab9_lin24_col5,"1022724,07792"
tab9_lin24_col6,"1,0774312183"
tab9_lin24_col7,"78729,30103"
tab9_lin24_col8,"943994,77689"
tab9_lin24_col9,
tab9_lin25_col0,    
tab9_lin25_col1,Real Investor FICFI MM 
tab9_lin25_col2,"4475310,66429"
tab9_lin25_col3,0
tab9_lin25_col4,"41090,4138100000"
tab9_lin25_col5,"4516401,0781"
tab9_lin25_col6,"4,7579905676"
tab9_lin25_col7,"13441,97739"
tab9_lin25_col8,"4502959,10071"
tab9_lin25_col9,D+30
tab9_lin26_col0,    
tab9_lin26_col1,Spx Falcon 2 FICFIA 
tab9_lin26_col2,"3129121,20272"
tab9_lin26_col3,0
tab9_lin26_col4,"-6189,8072400000"
tab9_lin26_col5,"3122931,39548"
tab9_lin26_col6,"3,2899819715"
tab9_lin26_col7,0
tab9_lin26_col8,"3122931,39548"
tab9_lin26_col9,D+32
tab9_lin27_col0,    
tab9_lin27_col1,Spx Raptor Ekho Fo FICFI MM Créd Priv Ie 
tab9_lin27_col2,"3824400,33665"
tab9_lin27_col3,0
tab9_lin27_col4,"87992,1533600000"
tab9_lin27_col5,"3912392,49001"
tab9_lin27_col6,"4,1216725978"
tab9_lin27_col7,"25167,78455"
tab9_lin27_col8,"3887224,70546"
tab9_lin27_col9,D+181
tab9_lin28_col0,    
tab9_lin28_col1,Trend DI FICFI RF Simples 
tab9_lin28_col2,0
tab9_lin28_col3,"-0,56"
tab9_lin28_col4,"0,5578067100"
tab9_lin28_col5,0
tab9_lin28_col6,"0,0000000000"
tab9_lin28_col7,0
tab9_lin28_col8,0
tab9_lin28_col9,D+0
tab9_lin29_col0,    
tab9_lin29_col1,Trend Inb FICFI RF Simples 
tab9_lin29_col2,"1381,18846544"
tab9_lin29_col3,"-330,33"
tab9_lin29_col4,"7,0323250800"
tab9_lin29_col5,"1057,88657904"
tab9_lin29_col6,"0,0011144746"
tab9_lin29_col7,"0,85739713"
tab9_lin29_col8,"1057,02918191"
tab9_lin29_col9,D+0
tab9_lin30_col0,    
tab9_lin30_col1,Valora Horizon High Yield FICFI MM Créd Priv 
tab9_lin30_col2,"3600288,40213"
tab9_lin30_col3,0
tab9_lin30_col4,"28458,3729700000"
tab9_lin30_col5,"3628746,7751"
tab9_lin30_col6,"3,8228542216"
tab9_lin30_col7,"14550,46431"
tab9_lin30_col8,"3614196,31079"
tab9_lin30_col9,D+181
tab9_lin31_col0,    
tab9_lin31_col1,We Crédito I FI MM IE Créd Priv 
tab9_lin31_col2,"7607015,79962"
tab9_lin31_col3,0
tab9_lin31_col4,"65079,4003900000"
tab9_lin31_col5,"7672095,20001"
tab9_lin31_col6,"8,0824877960"
tab9_lin31_col7,"67350,438"
tab9_lin31_col8,"7604744,76201"
tab9_lin31_col9,Data de encerramento do Fundo+5
tab9_lin32_col0,    
tab9_lin32_col1,We Crédito II FI MM IE Créd Priv 
tab9_lin32_col2,"1077975,9"
tab9_lin32_col3,0
tab9_lin32_col4,"8518,3200000000"
tab9_lin32_col5,"1086494,22"
tab9_lin32_col6,"1,1446125269"
tab9_lin32_col7,"3030,6285"
tab9_lin32_col8,"1083463,5915"
tab9_lin32_col9,Data de encerramento do Fundo+5
tab9_lin33_col0,    
tab9_lin33_col1,We Iliquidos II FI MM Créd Priv IE 
tab9_lin33_col2,"856700,719977"
tab9_lin33_col3,0
tab9_lin33_col4,"1918,0919910000"
tab9_lin33_col5,"858618,811968"
tab9_lin33_col6,"0,9045477002"
tab9_lin33_col7,"1000,711795"
tab9_lin33_col8,"857618,100173"
tab9_lin33_col9,Data de encerramento do Fundo+5
tab9_lin34_col0,    
tab9_lin34_col1,We Ilíquidos I FI MM Créd Priv IE 
tab9_lin34_col2,"1049287,34044"
tab9_lin34_col3,0
tab9_lin34_col4,"1994,4563200000"
tab9_lin34_col5,"1051281,79676"
tab9_lin34_col6,"1,1075165350"
tab9_lin34_col7,"1089,48401"
tab9_lin34_col8,"1050192,31275"
tab9_lin34_col9,Data de encerramento do Fundo+5
tab9_lin35_col0,    
tab9_lin35_col1,We Ilíquidos IIi FI MM Créd Priv IE 
tab9_lin35_col2,"853613,913992"
tab9_lin35_col3,0
tab9_lin35_col4,"4245,0099950000"
tab9_lin35_col5,"857858,923987"
tab9_lin35_col6,"0,9037471646"
tab9_lin35_col7,"1619,564098"
tab9_lin35_col8,"856239,359889"
tab9_lin35_col9,Data de encerramento do Fundo+5
tab9_lin36_col0,    
tab9_lin36_col1,We Rfw FI MM Créd Priv IE 
tab9_lin36_col2,"0,080500069"
tab9_lin36_col3,0
tab9_lin36_col4,"-0,0002089295"
tab9_lin36_col5,"0,0802911395"
tab9_lin36_col6,"0,0000000845"
tab9_lin36_col7,"0,0002097766125"
tab9_lin36_col8,"0,0800813628875"
tab9_lin36_col9,D+1
tab9_lin37_col0,    
tab9_lin37_col1,Genérico
tab9_lin37_col2,"5344258,28971"
tab9_lin37_col3,0
tab9_lin37_col4,"25761,28621"
tab9_lin37_col5,"5370019,57592"
tab9_lin37_col6,"5,6572704788"
tab9_lin37_col7,0
tab9_lin37_col8,"5370019,57592"
tab9_lin37_col9,
tab9_lin38_col0,    
tab9_lin38_col1,Absolute Hidra Cdi FI Em Cotas de Fundos Incentivados de Inv
tab9_lin38_col2,"2451345,85114"
tab9_lin38_col3,0
tab9_lin38_col4,"22264,2926500000"
tab9_lin38_col5,"2473610,14379"
tab9_lin38_col6,"2,6059274915"
tab9_lin38_col7,0
tab9_lin38_col8,"2473610,14379"
tab9_lin38_col9,D+31
tab9_lin39_col0,    
tab9_lin39_col1,Jgp Debêntures Incentivadas Juros Reais Conservador FI Em Co
tab9_lin39_col2,"1828417,43857"
tab9_lin39_col3,0
tab9_lin39_col4,"13261,8335600000"
tab9_lin39_col5,"1841679,27213"
tab9_lin39_col6,"1,9401936307"
tab9_lin39_col7,0
tab9_lin39_col8,"1841679,27213"
tab9_lin39_col9,D+31
tab9_lin40_col0,    
tab9_lin40_col1,PFIN11
tab9_lin40_col2,513551
tab9_lin40_col3,0
tab9_lin40_col4,"-1156,3400000000"
tab9_lin40_col5,"512394,66"
tab9_lin40_col6,"0,5398034667"
tab9_lin40_col7,0
tab9_lin40_col8,"512394,66"
tab9_lin40_col9,D+2
tab9_lin41_col0,    
tab9_lin41_col1,PPEI11
tab9_lin41_col2,550944
tab9_lin41_col3,0
tab9_lin41_col4,"-8608,5000000000"
tab9_lin41_col5,"542335,5"
tab9_lin41_col6,"0,5713458899"
tab9_lin41_col7,0
tab9_lin41_col8,"542335,5"
tab9_lin41_col9,D+2
tab9_lin42_col0,    
tab9_lin42_col1,Previdência
tab9_lin42_col2,"4422318,93422"
tab9_lin42_col3,0
tab9_lin42_col4,"18465,8258958"
tab9_lin42_col5,"4440784,76012"
tab9_lin42_col6,"4,6783294122"
tab9_lin42_col7,"90550,4705449"
tab9_lin42_col8,"4350234,28957"
tab9_lin42_col9,
tab9_lin43_col0,    
tab9_lin43_col1,Acs Absolute Vertex Prev FI MM 
tab9_lin43_col2,"4421819,29183"
tab9_lin43_col3,0
tab9_lin43_col4,"18463,7395900000"
tab9_lin43_col5,"4440283,03142"
tab9_lin43_col6,"4,6778008453"
tab9_lin43_col7,"90374,8655"
tab9_lin43_col8,"4349908,16592"
tab9_lin43_col9,D+22
tab9_lin44_col0,    
tab9_lin44_col1,Acs Absolute Vertex Prev FI MM 
tab9_lin44_col2,"499,642394062"
tab9_lin44_col3,0
tab9_lin44_col4,"2,0863057580"
tab9_lin44_col5,"501,72869982"
tab9_lin44_col6,"0,0005285669"
tab9_lin44_col7,"175,605044937"
tab9_lin44_col8,"326,123654883"
tab9_lin44_col9,D+22
tab9_lin45_col0,    
tab9_lin45_col1,Renda Fixa
tab9_lin45_col2,"19403642,9031"
tab9_lin45_col3,0
tab9_lin45_col4,"104729,177791"
tab9_lin45_col5,"19508372,0809"
tab9_lin45_col6,"20,5519059854"
tab9_lin45_col7,"7062,0087917"
tab9_lin45_col8,"19501310,0721"
tab9_lin45_col9,
tab9_lin46_col0,    
tab9_lin46_col1,CDB BANCO ITAU 100% do CDI Venc 14/02/2029
tab9_lin46_col2,"78204,824687"
tab9_lin46_col3,0
tab9_lin46_col4,"431,0536915000"
tab9_lin46_col5,"78635,8783785"
tab9_lin46_col6,"0,0828422368"
tab9_lin46_col7,"825,7710247"
tab9_lin46_col8,"77810,1073538"
tab9_lin46_col9,D+0
tab9_lin47_col0,    
tab9_lin47_col1,CDB BANCO ITAU 100% do CDI Vencto 03/07/2029
tab9_lin47_col2,"706627,239983"
tab9_lin47_col3,0
tab9_lin47_col4,"3894,8272090000"
tab9_lin47_col5,"710522,067192"
tab9_lin47_col6,"0,7485290246"
tab9_lin47_col7,"2367,465118"
tab9_lin47_col8,"708154,602074"
tab9_lin47_col9,D+0
tab9_lin48_col0,    
tab9_lin48_col1,CDB BANCO ITAU 100% do CDI Vencto 04/07/2029
tab9_lin48_col2,"303073,538196"
tab9_lin48_col3,0
tab9_lin48_col4,"1670,4975370000"
tab9_lin48_col5,"304744,035733"
tab9_lin48_col6,"0,3210452797"
tab9_lin48_col7,"988,881855"
tab9_lin48_col8,"303755,153878"
tab9_lin48_col9,D+0
tab9_lin49_col0,    
tab9_lin49_col1,CDB BANCO ITAU 100% do CDI Vencto 06/06/2029
tab9_lin49_col2,"203405,220977"
tab9_lin49_col3,0
tab9_lin49_col4,"1121,1401810000"
tab9_lin49_col5,"204526,361158"
tab9_lin49_col6,"0,2154668020"
tab9_lin49_col7,"1018,431261"
tab9_lin49_col8,"203507,929897"
tab9_lin49_col9,D+0
tab9_lin50_col0,    
tab9_lin50_col1,CDB BANCO ITAU 100% do CDI Vencto 10/07/2029
tab9_lin50_col2,"151123,159387"
tab9_lin50_col3,0
tab9_lin50_col4,"832,9690120000"
tab9_lin50_col5,"151956,128399"
tab9_lin50_col6,"0,1600845038"
tab9_lin50_col7,"440,12889"
tab9_lin50_col8,"151515,999509"
tab9_lin50_col9,D+0
tab9_lin51_col0,    
tab9_lin51_col1,CDB BANCO ITAU 100% do CDI Vencto 12/06/2029
tab9_lin51_col2,"305059,588279"
tab9_lin51_col3,0
tab9_lin51_col4,"1681,4443600000"
tab9_lin51_col5,"306741,032639"
tab9_lin51_col6,"0,3231490991"
tab9_lin51_col7,"1421,330643"
tab9_lin51_col8,"305319,701996"
tab9_lin51_col9,D+0
tab9_lin52_col0,    
tab9_lin52_col1,"LCA BANCO DO BRASIL 97,5% do CDI Vencto 30/07/2027 (0004085)"
tab9_lin52_col2,"12072915,862"
tab9_lin52_col3,0
tab9_lin52_col4,"64876,4206000000"
tab9_lin52_col5,"12137792,2826"
tab9_lin52_col6,"12,7870621306"
tab9_lin52_col7,0
tab9_lin52_col8,"12137792,2826"
tab9_lin52_col9,D+0
tab9_lin53_col0,    
tab9_lin53_col1,LCA ITAU UNIBANCO SA 100% CDI Vencto 1/4/2025
tab9_lin53_col2,"3914630,08169"
tab9_lin53_col3,0
tab9_lin53_col4,"21576,8752300000"
tab9_lin53_col5,"3936206,95692"
tab9_lin53_col6,"4,1467609385"
tab9_lin53_col7,0
tab9_lin53_col8,"3936206,95692"
tab9_lin53_col9,D+0
tab9_lin54_col0,    
tab9_lin54_col1,LCI BANCO ITAU 94% do CDI Venc 23/03/2026
tab9_lin54_col2,"1668603,38794"
tab9_lin54_col3,0
tab9_lin54_col4,"8643,9499700000"
tab9_lin54_col5,"1677247,33791"
tab9_lin54_col6,"1,7669659703"
tab9_lin54_col7,0
tab9_lin54_col8,"1677247,33791"
tab9_lin54_col9,D+0
tab9_lin55_col0,
tab9_lin55_col1,Total
tab9_lin55_col2,"94193939,2251"
tab9_lin55_col3,"46324,71"
tab9_lin55_col4,"686002,195136"
tab9_lin55_col5,"94922447,0685"
tab9_lin55_col6,"99,999999998"
tab9_lin55_col7,"559784,961281"
tab9_lin55_col8,"94362662,1072"
tab9_lin55_col9,
tab10_lin0_col0,
tab10_lin0_col1,Ativo
tab10_lin0_col2,Mês
tab10_lin0_col3,Ano
tab10_lin0_col4,03meses
tab10_lin0_col5,06meses
tab10_lin0_col6,12meses
tab10_lin0_col7,24meses
tab10_lin0_col8,36meses
tab10_lin0_col9,Noperíodo
tab10_lin0_col10,Data Compra
tab10_lin1_col0,    
tab10_lin1_col1,Ações/ETFs
tab10_lin1_col2,
tab10_lin1_col3,
tab10_lin1_col4,
tab10_lin1_col5,
tab10_lin1_col6,
tab10_lin1_col7,
tab10_lin1_col8,
tab10_lin1_col9,
tab10_lin1_col10,
tab10_lin2_col0,    
tab10_lin2_col1,HFOF11
tab10_lin2_col2,"-0,828309870976"
tab10_lin2_col3,"-7,97050398846"
tab10_lin2_col4,"-1,30054744601"
tab10_lin2_col5,"-7,31246090379"
tab10_lin2_col6,"-5,94547467413"
tab10_lin2_col7,"7,7986060024"
tab10_lin2_col8,"6,66732673329"
tab10_lin2_col9,"-1,35051776211"
tab10_lin2_col10,01/09/2021
tab10_lin3_col0,    
tab10_lin3_col1,IVVB11
tab10_lin3_col2,"-2,48837536987"
tab10_lin3_col3,"1,29391100703"
tab10_lin3_col4,nd
tab10_lin3_col5,nd
tab10_lin3_col6,nd
tab10_lin3_col7,nd
tab10_lin3_col8,nd
tab10_lin3_col9,"1,29391100703"
tab10_lin3_col10,20/08/2024
tab10_lin4_col0,    
tab10_lin4_col1,MGLU3
tab10_lin4_col2,"-8,22368421053"
tab10_lin4_col3,"-48,3333333333"
tab10_lin4_col4,"4,59231490159"
tab10_lin4_col5,"-45,5609756098"
tab10_lin4_col6,nd
tab10_lin4_col7,nd
tab10_lin4_col8,nd
tab10_lin4_col9,"-0,357142857143"
tab10_lin4_col10,31/10/2023
tab10_lin5_col0,    
tab10_lin5_col1,PICE11
tab10_lin5_col2,"-6,92307692308"
tab10_lin5_col3,"-44,1063478248"
tab10_lin5_col4,"6,16556859363"
tab10_lin5_col5,"-35,0752357559"
tab10_lin5_col6,"-49,0871468233"
tab10_lin5_col7,"-42,3214143791"
tab10_lin5_col8,nd
tab10_lin5_col9,"-20,3609341826"
tab10_lin5_col10,22/08/2022
tab10_lin6_col0,    
tab10_lin6_col1,VIGT11
tab10_lin6_col2,"-5,19987507808"
tab10_lin6_col3,"-15,9761109516"
tab10_lin6_col4,"-7,9433345906"
tab10_lin6_col5,"-11,1237115454"
tab10_lin6_col6,"-12,8056399508"
tab10_lin6_col7,"1,63665083433"
tab10_lin6_col8,nd
tab10_lin6_col9,"-5,5832037325"
tab10_lin6_col10,22/08/2022
tab10_lin7_col0,    
tab10_lin7_col1,CRI/CRA
tab10_lin7_col2,
tab10_lin7_col3,
tab10_lin7_col4,
tab10_lin7_col5,
tab10_lin7_col6,
tab10_lin7_col7,
tab10_lin7_col8,
tab10_lin7_col9,
tab10_lin7_col10,
tab10_lin8_col0,    
tab10_lin8_col1,"CRI REDE DOR IPCA + 6,25% Venc: 15/12/2036"
tab10_lin8_col2,"0,336454991947"
tab10_lin8_col3,"6,96537583612"
tab10_lin8_col4,"5,50320356227"
tab10_lin8_col5,"2,88769023957"
tab10_lin8_col6,"15,1506806955"
tab10_lin8_col7,"22,7451501325"
tab10_lin8_col8,nd
tab10_lin8_col9,"2,73204922335"
tab10_lin8_col10,16/08/2022
tab10_lin9_col0,    
tab10_lin9_col1,Debêntures
tab10_lin9_col2,
tab10_lin9_col3,
tab10_lin9_col4,
tab10_lin9_col5,
tab10_lin9_col6,
tab10_lin9_col7,
tab10_lin9_col8,
tab10_lin9_col9,
tab10_lin9_col10,
tab10_lin10_col0,    
tab10_lin10_col1,"CCROB6 IPCA + 6,4370 - 15/01/2036"
tab10_lin10_col2,"-1,48929909476"
tab10_lin10_col3,"4,85837239194"
tab10_lin10_col4,"1,43423433935"
tab10_lin10_col5,"0,25256437475"
tab10_lin10_col6,"9,55916411896"
tab10_lin10_col7,"30,5295821408"
tab10_lin10_col8,nd
tab10_lin10_col9,"0,395261305894"
tab10_lin10_col10,10/08/2022
tab10_lin11_col0,    
tab10_lin11_col1,Fundos
tab10_lin11_col2,
tab10_lin11_col3,
tab10_lin11_col4,
tab10_lin11_col5,
tab10_lin11_col6,
tab10_lin11_col7,
tab10_lin11_col8,
tab10_lin11_col9,
tab10_lin11_col10,
tab10_lin12_col0,    
tab10_lin12_col1,Absolute Hidra Ipca FI Em Cotas de FI MM Créd Priv 
tab10_lin12_col2,"0,597591811145"
tab10_lin12_col3,"0,502643451817"
tab10_lin12_col4,nd
tab10_lin12_col5,nd
tab10_lin12_col6,nd
tab10_lin12_col7,nd
tab10_lin12_col8,nd
tab10_lin12_col9,"0,502643451817"
tab10_lin12_col10,13/08/2024
tab10_lin13_col0,    
tab10_lin13_col1,Absolute Pace Long Biased FICFIA 
tab10_lin13_col2,"0,389032754708"
tab10_lin13_col3,"6,96627328141"
tab10_lin13_col4,"13,4235455115"
tab10_lin13_col5,"4,11185387684"
tab10_lin13_col6,nd
tab10_lin13_col7,nd
tab10_lin13_col8,nd
tab10_lin13_col9,"5,90241973689"
tab10_lin13_col10,29/01/2024
tab10_lin14_col0,    
tab10_lin14_col1,Atmos Atmr Match Ekho Fo FI Em Cotas de FI Financeiro Em Açõ 
tab10_lin14_col2,"0,479510122837"
tab10_lin14_col3,"6,65840850026"
tab10_lin14_col4,"11,6398463517"
tab10_lin14_col5,"4,6943895874"
tab10_lin14_col6,nd
tab10_lin14_col7,nd
tab10_lin14_col8,nd
tab10_lin14_col9,"6,32501686071"
tab10_lin14_col10,29/02/2024
tab10_lin15_col0,    
tab10_lin15_col1,BTG Pactual Digital Tesouro Selic Simples FI RF 
tab10_lin15_col2,"0,551526072201"
tab10_lin15_col3,"7,7661205"
tab10_lin15_col4,"2,61470118048"
tab10_lin15_col5,"5,24527045399"
tab10_lin15_col6,nd
tab10_lin15_col7,nd
tab10_lin15_col8,nd
tab10_lin15_col9,"1,52225328799"
tab10_lin15_col10,30/11/2023
tab10_lin16_col0,    
tab10_lin16_col1,BTG Pactual Tesouro Ipca Curto FI RF Ref 
tab10_lin16_col2,"0,277768487354"
tab10_lin16_col3,"4,09969831256"
tab10_lin16_col4,"1,84695192826"
tab10_lin16_col5,"3,08167281886"
tab10_lin16_col6,nd
tab10_lin16_col7,nd
tab10_lin16_col8,nd
tab10_lin16_col9,"0,939649311088"
tab10_lin16_col10,26/01/2024
tab10_lin17_col0,    
tab10_lin17_col1,BTG Pactual Tesouro Selic FI RF Ref DI 
tab10_lin17_col2,"0,549677030564"
tab10_lin17_col3,"0,787709464641"
tab10_lin17_col4,nd
tab10_lin17_col5,nd
tab10_lin17_col6,nd
tab10_lin17_col7,nd
tab10_lin17_col8,nd
tab10_lin17_col9,"0,787709464641"
tab10_lin17_col10,22/08/2024
tab10_lin18_col0,    
tab10_lin18_col1,Ekho ALPha Optimal Vol FI Em Cotas de FI Financeiro MM Créd  
tab10_lin18_col2,"3,04572437343"
tab10_lin18_col3,"5,17908943323"
tab10_lin18_col4,"5,5356366922"
tab10_lin18_col5,"3,29403528463"
tab10_lin18_col6,nd
tab10_lin18_col7,nd
tab10_lin18_col8,nd
tab10_lin18_col9,"2,49283240918"
tab10_lin18_col10,16/01/2024
tab10_lin19_col0,    
tab10_lin19_col1,Jive Distressed & Special Sits Iv Institutional FIC Fim Cp I 
tab10_lin19_col2,"0,494614004053"
tab10_lin19_col3,"3,30200651242"
tab10_lin19_col4,nd
tab10_lin19_col5,nd
tab10_lin19_col6,nd
tab10_lin19_col7,nd
tab10_lin19_col8,nd
tab10_lin19_col9,"3,10705654505"
tab10_lin19_col10,16/07/2024
tab10_lin20_col0,    
tab10_lin20_col1,Jive Distressed & Special Sits Iv Institutional FIC Firf Ref 
tab10_lin20_col2,"0,542525425478"
tab10_lin20_col3,"2,66288619258"
tab10_lin20_col4,"1,76109768394"
tab10_lin20_col5,nd
tab10_lin20_col6,nd
tab10_lin20_col7,nd
tab10_lin20_col8,nd
tab10_lin20_col9,"1,16478255573"
tab10_lin20_col10,21/05/2024
tab10_lin21_col0,    
tab10_lin21_col1,Kapitalo Zeta Merídia FICFIs MM 
tab10_lin21_col2,"2,35115019514"
tab10_lin21_col3,"9,46487505011"
tab10_lin21_col4,"9,28134282865"
tab10_lin21_col5,"5,49784020701"
tab10_lin21_col6,nd
tab10_lin21_col7,nd
tab10_lin21_col8,nd
tab10_lin21_col9,"7,31365392208"
tab10_lin21_col10,28/12/2023
tab10_lin22_col0,    
tab10_lin22_col1,Lumina Feeder Brasil II FI Financeiro 
tab10_lin22_col2,"-0,197317595239"
tab10_lin22_col3,"-0,197317595239"
tab10_lin22_col4,nd
tab10_lin22_col5,nd
tab10_lin22_col6,nd
tab10_lin22_col7,nd
tab10_lin22_col8,nd
tab10_lin22_col9,"-0,197317595239"
tab10_lin22_col10,02/09/2024
tab10_lin23_col0,    
tab10_lin23_col1,Perfin Space X FI Em  Participações Em Infraestrutura _unica
tab10_lin23_col2,"-0,068696415643"
tab10_lin23_col3,"289,6218809"
tab10_lin23_col4,"-15,0225198902"
tab10_lin23_col5,"-15,3432477544"
tab10_lin23_col6,"287,79419911"
tab10_lin23_col7,nd
tab10_lin23_col8,nd
tab10_lin23_col9,"-14,9079040369"
tab10_lin23_col10,14/11/2022
tab10_lin24_col0,    
tab10_lin24_col1,Perfin Voyager FI Em Participações Em Infraestrutura _unica
tab10_lin24_col2,"0,0193011145892"
tab10_lin24_col3,"72,5494229511"
tab10_lin24_col4,"-7,6868908125"
tab10_lin24_col5,"-8,12899522384"
tab10_lin24_col6,"80,9546174066"
tab10_lin24_col7,nd
tab10_lin24_col8,nd
tab10_lin24_col9,"-7,76389847048"
tab10_lin24_col10,14/10/2022
tab10_lin25_col0,    
tab10_lin25_col1,Real Investor FICFI MM 
tab10_lin25_col2,"0,918157797062"
tab10_lin25_col3,"1,21344361852"
tab10_lin25_col4,nd
tab10_lin25_col5,nd
tab10_lin25_col6,nd
tab10_lin25_col7,nd
tab10_lin25_col8,nd
tab10_lin25_col9,"1,21344361852"
tab10_lin25_col10,21/08/2024
tab10_lin26_col0,    
tab10_lin26_col1,Spx Falcon 2 FICFIA 
tab10_lin26_col2,"-0,197812959134"
tab10_lin26_col3,"-1,47141817637"
tab10_lin26_col4,nd
tab10_lin26_col5,nd
tab10_lin26_col6,nd
tab10_lin26_col7,nd
tab10_lin26_col8,nd
tab10_lin26_col9,"-1,47141817637"
tab10_lin26_col10,26/08/2024
tab10_lin27_col0,    
tab10_lin27_col1,Spx Raptor Ekho Fo FICFI MM Créd Priv Ie 
tab10_lin27_col2,"2,30080916272"
tab10_lin27_col3,"8,93845051567"
tab10_lin27_col4,"11,4743944215"
tab10_lin27_col5,"9,0191640405"
tab10_lin27_col6,nd
tab10_lin27_col7,nd
tab10_lin27_col8,nd
tab10_lin27_col9,"8,77775200785"
tab10_lin27_col10,27/12/2023
tab10_lin28_col0,    
tab10_lin28_col1,Trend DI FICFI RF Simples 
tab10_lin28_col2,"0,039182275781"
tab10_lin28_col3,"0,039182275781"
tab10_lin28_col4,nd
tab10_lin28_col5,nd
tab10_lin28_col6,nd
tab10_lin28_col7,nd
tab10_lin28_col8,nd
tab10_lin28_col9,"0,039182275781"
tab10_lin28_col10,16/09/2024
tab10_lin29_col0,    
tab10_lin29_col1,Trend Inb FICFI RF Simples 
tab10_lin29_col2,"0,0857706897964"
tab10_lin29_col3,"0,0857706897964"
tab10_lin29_col4,nd
tab10_lin29_col5,nd
tab10_lin29_col6,nd
tab10_lin29_col7,nd
tab10_lin29_col8,nd
tab10_lin29_col9,"0,0857706897964"
tab10_lin29_col10,17/09/2024
tab10_lin30_col0,    
tab10_lin30_col1,Valora Horizon High Yield FICFI MM Créd Priv 
tab10_lin30_col2,"0,790447036015"
tab10_lin30_col3,"9,28855864352"
tab10_lin30_col4,"3,39765115961"
tab10_lin30_col5,"6,31917610818"
tab10_lin30_col6,nd
tab10_lin30_col7,nd
tab10_lin30_col8,nd
tab10_lin30_col9,"1,99055151039"
tab10_lin30_col10,28/12/2023
tab10_lin31_col0,    
tab10_lin31_col1,We Crédito I FI MM IE Créd Priv 
tab10_lin31_col2,"0,855518144112"
tab10_lin31_col3,"15,0911478567"
tab10_lin31_col4,"7,80009645937"
tab10_lin31_col5,"11,2343338757"
tab10_lin31_col6,nd
tab10_lin31_col7,nd
tab10_lin31_col8,nd
tab10_lin31_col9,"6,23625555883"
tab10_lin31_col10,20/12/2023
tab10_lin32_col0,    
tab10_lin32_col1,We Crédito II FI MM IE Créd Priv 
tab10_lin32_col2,"0,790214326684"
tab10_lin32_col3,"10,187088327"
tab10_lin32_col4,"3,57045727406"
tab10_lin32_col5,"7,21338025367"
tab10_lin32_col6,nd
tab10_lin32_col7,nd
tab10_lin32_col8,nd
tab10_lin32_col9,"2,06350393999"
tab10_lin32_col10,20/12/2023
tab10_lin33_col0,    
tab10_lin33_col1,We Iliquidos II FI MM Créd Priv IE 
tab10_lin33_col2,"0,223892888878"
tab10_lin33_col3,"16,4752939335"
tab10_lin33_col4,"-0,146073119472"
tab10_lin33_col5,"1,28729006784"
tab10_lin33_col6,nd
tab10_lin33_col7,nd
tab10_lin33_col8,nd
tab10_lin33_col9,"-1,2798419035"
tab10_lin33_col10,20/12/2023
tab10_lin34_col0,    
tab10_lin34_col1,We Ilíquidos I FI MM Créd Priv IE 
tab10_lin34_col2,"0,190077231151"
tab10_lin34_col3,"7,10297329043"
tab10_lin34_col4,"1,5993289151"
tab10_lin34_col5,"6,04271297437"
tab10_lin34_col6,nd
tab10_lin34_col7,nd
tab10_lin34_col8,nd
tab10_lin34_col9,"0,99778673571"
tab10_lin34_col10,20/12/2023
tab10_lin35_col0,    
tab10_lin35_col1,We Ilíquidos IIi FI MM Créd Priv IE 
tab10_lin35_col2,"0,497298594295"
tab10_lin35_col3,"7,47787114531"
tab10_lin35_col4,"2,40466120771"
tab10_lin35_col5,"4,9737825241"
tab10_lin35_col6,nd
tab10_lin35_col7,nd
tab10_lin35_col8,nd
tab10_lin35_col9,"1,38460058643"
tab10_lin35_col10,20/12/2023
tab10_lin36_col0,    
tab10_lin36_col1,We Rfw FI MM Créd Priv IE 
tab10_lin36_col2,"-0,25953952909"
tab10_lin36_col3,"1,1748419983"
tab10_lin36_col4,"1,54878031136"
tab10_lin36_col5,nd
tab10_lin36_col6,nd
tab10_lin36_col7,nd
tab10_lin36_col8,nd
tab10_lin36_col9,"0,652881813513"
tab10_lin36_col10,31/05/2024
tab10_lin37_col0,    
tab10_lin37_col1,Genérico
tab10_lin37_col2,
tab10_lin37_col3,
tab10_lin37_col4,
tab10_lin37_col5,
tab10_lin37_col6,
tab10_lin37_col7,
tab10_lin37_col8,
tab10_lin37_col9,
tab10_lin37_col10,
tab10_lin38_col0,    
tab10_lin38_col1,Absolute Hidra Cdi FI Em Cotas de Fundos Incentivados de Inv
tab10_lin38_col2,"0,90824771383"
tab10_lin38_col3,"10,1448793779"
tab10_lin38_col4,"3,9855762574"
tab10_lin38_col5,"7,84080867379"
tab10_lin38_col6,nd
tab10_lin38_col7,nd
tab10_lin38_col8,nd
tab10_lin38_col9,"2,31293237515"
tab10_lin38_col10,31/01/2024
tab10_lin39_col0,    
tab10_lin39_col1,Jgp Debêntures Incentivadas Juros Reais Conservador FI Em Co
tab10_lin39_col2,"0,725317604167"
tab10_lin39_col3,"9,36183808424"
tab10_lin39_col4,"4,23966867555"
tab10_lin39_col5,"4,72273283258"
tab10_lin39_col6,nd
tab10_lin39_col7,nd
tab10_lin39_col8,nd
tab10_lin39_col9,"2,46478092447"
tab10_lin39_col10,18/01/2024
tab10_lin40_col0,    
tab10_lin40_col1,PFIN11
tab10_lin40_col2,"-0,225165562914"
tab10_lin40_col3,"7,99201109424"
tab10_lin40_col4,"-0,225165562915"
tab10_lin40_col5,"0,703520390863"
tab10_lin40_col6,"11,1258521967"
tab10_lin40_col7,"22,3297444342"
tab10_lin40_col8,nd
tab10_lin40_col9,"0,574098798398"
tab10_lin40_col10,22/08/2022
tab10_lin41_col0,    
tab10_lin41_col1,PPEI11
tab10_lin41_col2,"-1,5625"
tab10_lin41_col3,"9,7151530515"
tab10_lin41_col4,"-0,54725320985"
tab10_lin41_col5,"0,67834017416"
tab10_lin41_col6,"14,6987250711"
tab10_lin41_col7,"28,7030406991"
tab10_lin41_col8,nd
tab10_lin41_col9,"-0,0105808909109"
tab10_lin41_col10,22/08/2022
tab10_lin42_col0,    
tab10_lin42_col1,Previdência
tab10_lin42_col2,
tab10_lin42_col3,
tab10_lin42_col4,
tab10_lin42_col5,
tab10_lin42_col6,
tab10_lin42_col7,
tab10_lin42_col8,
tab10_lin42_col9,
tab10_lin42_col10,
tab10_lin43_col0,    
tab10_lin43_col1,Acs Absolute Vertex Prev FI MM 
tab10_lin43_col2,"0,417559795369"
tab10_lin43_col3,"6,25416036748"
tab10_lin43_col4,"4,06951998946"
tab10_lin43_col5,"4,95588688771"
tab10_lin43_col6,nd
tab10_lin43_col7,nd
tab10_lin43_col8,nd
tab10_lin43_col9,"1,77200313247"
tab10_lin43_col10,01/02/2024
tab10_lin44_col0,    
tab10_lin44_col1,Acs Absolute Vertex Prev FI MM 
tab10_lin44_col2,"0,417559795369"
tab10_lin44_col3,"0,345739963305"
tab10_lin44_col4,nd
tab10_lin44_col5,nd
tab10_lin44_col6,nd
tab10_lin44_col7,nd
tab10_lin44_col8,nd
tab10_lin44_col9,"0,345739963305"
tab10_lin44_col10,27/08/2024
tab10_lin45_col0,    
tab10_lin45_col1,Renda Fixa
tab10_lin45_col2,
tab10_lin45_col3,
tab10_lin45_col4,
tab10_lin45_col5,
tab10_lin45_col6,
tab10_lin45_col7,
tab10_lin45_col8,
tab10_lin45_col9,
tab10_lin45_col10,
tab10_lin46_col0,    
tab10_lin46_col1,CDB BANCO ITAU 100% do CDI Venc 14/02/2029
tab10_lin46_col2,"0,551185547949"
tab10_lin46_col3,"5,62408523415"
tab10_lin46_col4,"2,58489250681"
tab10_lin46_col5,"5,23805461584"
tab10_lin46_col6,nd
tab10_lin46_col7,nd
tab10_lin46_col8,nd
tab10_lin46_col9,"1,50315245933"
tab10_lin46_col10,08/03/2024
tab10_lin47_col0,    
tab10_lin47_col1,CDB BANCO ITAU 100% do CDI Vencto 03/07/2029
tab10_lin47_col2,"0,551185545768"
tab10_lin47_col3,"1,50315245598"
tab10_lin47_col4,nd
tab10_lin47_col5,nd
tab10_lin47_col6,nd
tab10_lin47_col7,nd
tab10_lin47_col8,nd
tab10_lin47_col9,"1,50315245598"
tab10_lin47_col10,29/07/2024
tab10_lin48_col0,    
tab10_lin48_col1,CDB BANCO ITAU 100% do CDI Vencto 04/07/2029
tab10_lin48_col2,"0,551185546064"
tab10_lin48_col3,"1,46330781527"
tab10_lin48_col4,nd
tab10_lin48_col5,nd
tab10_lin48_col6,nd
tab10_lin48_col7,nd
tab10_lin48_col8,nd
tab10_lin48_col9,"1,46330781527"
tab10_lin48_col10,30/07/2024
tab10_lin49_col0,    
tab10_lin49_col1,CDB BANCO ITAU 100% do CDI Vencto 06/06/2029
tab10_lin49_col2,"0,551185547518"
tab10_lin49_col3,"2,26318057886"
tab10_lin49_col4,nd
tab10_lin49_col5,nd
tab10_lin49_col6,nd
tab10_lin49_col7,nd
tab10_lin49_col8,nd
tab10_lin49_col9,"1,50315245583"
tab10_lin49_col10,02/07/2024
tab10_lin50_col0,    
tab10_lin50_col1,CDB BANCO ITAU 100% do CDI Vencto 10/07/2029
tab10_lin50_col2,"0,551185546548"
tab10_lin50_col3,"1,30408559911"
tab10_lin50_col4,nd
tab10_lin50_col5,nd
tab10_lin50_col6,nd
tab10_lin50_col7,nd
tab10_lin50_col8,nd
tab10_lin50_col9,"1,30408559911"
tab10_lin50_col10,05/08/2024
tab10_lin51_col0,    
tab10_lin51_col1,CDB BANCO ITAU 100% do CDI Vencto 12/06/2029
tab10_lin51_col2,"0,551185546915"
tab10_lin51_col3,"2,1027031543"
tab10_lin51_col4,nd
tab10_lin51_col5,nd
tab10_lin51_col6,nd
tab10_lin51_col7,nd
tab10_lin51_col8,nd
tab10_lin51_col9,"1,50315245608"
tab10_lin51_col10,08/07/2024
tab10_lin52_col0,    
tab10_lin52_col1,"LCA BANCO DO BRASIL 97,5% do CDI Vencto 30/07/2027 (0004085)"
tab10_lin52_col2,"0,632479754153"
tab10_lin52_col3,"1,13223320482"
tab10_lin52_col4,nd
tab10_lin52_col5,nd
tab10_lin52_col6,nd
tab10_lin52_col7,nd
tab10_lin52_col8,nd
tab10_lin52_col9,"1,13223320482"
tab10_lin52_col10,15/08/2024
tab10_lin53_col0,    
tab10_lin53_col1,LCA ITAU UNIBANCO SA 100% CDI Vencto 1/4/2025
tab10_lin53_col2,"0,648745934303"
tab10_lin53_col3,"9,21173266607"
tab10_lin53_col4,"3,04783018661"
tab10_lin53_col5,"6,15714720819"
tab10_lin53_col6,"13,4266786397"
tab10_lin53_col7,"32,028117906"
tab10_lin53_col8,nd
tab10_lin53_col9,"1,77068863866"
tab10_lin53_col10,01/04/2022
tab10_lin54_col0,    
tab10_lin54_col1,LCI BANCO ITAU 94% do CDI Venc 23/03/2026
tab10_lin54_col2,"0,60971126506"
tab10_lin54_col3,"5,70364208284"
tab10_lin54_col4,"2,8624089292"
tab10_lin54_col5,nd
tab10_lin54_col6,nd
tab10_lin54_col7,nd
tab10_lin54_col8,nd
tab10_lin54_col9,"1,66359195221"
tab10_lin54_col10,21/03/2024
